﻿<?xml version="1.0" encoding="UTF-8" standalone="yes"?>
<Picture>
	<PictureVariant name="85.png" screenDensity="bldpi" isTemplate="true" glyphWidth="14" glyphHeight="14"/>
	<PictureVariant name="100.png" screenDensity="ldpi" isTemplate="true" glyphWidth="16" glyphHeight="16"/>
	<PictureVariant name="125.png" screenDensity="aldpi" isTemplate="true" glyphWidth="20" glyphHeight="20"/>
	<PictureVariant name="150.png" screenDensity="mdpi" isTemplate="true" glyphWidth="24" glyphHeight="24"/>
	<PictureVariant name="175.png" screenDensity="amdpi" isTemplate="true" glyphWidth="28" glyphHeight="28"/>
	<PictureVariant name="200.png" screenDensity="hdpi" isTemplate="true" glyphWidth="32" glyphHeight="32"/>
	<PictureVariant name="300.png" screenDensity="xdpi" isTemplate="true" glyphWidth="48" glyphHeight="48"/>
	<PictureVariant name="400.png" screenDensity="udpi" isTemplate="true" glyphWidth="64" glyphHeight="64"/>
</Picture>